surname1;firstname1;surname2;firstname2;surname3;firstname3;surname4;firstname4
Adámek;Milan;;;;;;
Adamík;Zdeněk;;;;;;
Afful-Dadzie;Eric;;;;;;
Almajdalawi;Shawqi;;;;;;
Andrysová;Pavla;;;;;;
Asamoah;Emmanuel Selase;;;;;;
Babayan;Vladimir Artur;;;;;;
Babík;Zdeněk;;;;;;
Babjaková;Eva;;;;;;
Bačuvčík;Radim;;;;;;
Baďurová;Jitka;;;;;;
Balátě;Jaroslav;;;;;;
Balvín;Jaroslav;;;;;;
Baňařová;Michaela;;;;;;
Banyár;Milan;;;;;;
Bařinová;Michaela;Uhlířová;Michaela;;"";;
Baťa;Tomáš;;;;;;
Bažant;Pavel;;;;;;
Bednář;Pavel;;;;;;
Bednařík;Vratislav;;;;;;
Bednařík;Martin;;;;;;
Běhal;Ladislav;;;;;;
Bejtkovský;Jiří;;;;;;
Belás;Jaroslav;;;;;;
Bělašková;Silvie;;;;;;
Bell;Gregory Jason;;;;;;
Beltrán-Prieto;Juan Carlos;;;;;;
Benda;Radek;;;;;;
Beníček;Lubomír;;;;;;
Benlikaya;Ruhan;;;;;;
Berková;Kristýna;Montágová;Kristýna;;"";;
Bernal Ballén;Andrés;;;;;;
Bětík;Martin;;;;;;
Bialic-Davendra;Magdalena Lucyna;;;;;;
Biernátová;Olga;;;;;;
Bílek;Ondřej;;;;;;
Bílek;František;;;;;;
Bilíková;Jana;;;;;;
Blaha;Antonín;;;;;;
Blahová;Michaela;;;;;;
Blahuš;Radek;;;;;;
Blažková;Barbora;;;;;;
Bleyan;Davit;;;;;;
Bližňák;Michal;;;;;;
Bobák;Roman;;;;;;
Bobál;Vladimír;;;;;;
Bočincová;Zuzana;;;;;;
Bondarev;Dmitrij;;;;;;
Bořuta;Roman;;;;;;
Boudová Pečivová;Pavlína;Pečivová;Pavlína;;;;
Branná;Petra;;;;;;
Brázda;Michal;;;;;;
Brázdil;Michal;;;;;;
Brázdilová;Miroslava;;;;;;
Březina;Pavel;;;;;;
Březinová;Olga;;;;;;
Briš;Petr;;;;;;
Břusková;Pavla;;;;;;
Bučková;Martina;;;;;;
Budíková;Věra;;;;;;
Budínský;Lukáš;;;;;;
Buňka;František;;;;;;
Buňková;Leona;Čechová;Leona;;;;
Butor;Irena;Burdíková;Irena;;;;
Burešová;Iva;;;;;;
Burianová;Lenka;;;;;;
Buřita;Ladislav;;;;;;
Čablová;Andrea;;;;;;
Čermák;Roman;;;;;;
Čermák;Jiří;;;;;;
Černeková;Martina;;;;;;
Černíková;Michaela;;;;;;
Černochová;Jarmila;;;;;;
Černý;Jakub;;;;;;
Černý;Jaromír;;;;;;
Chalupa;Petr;;;;;;
Charvátová;Hana;;;;;;
Cheng;Qilin;;;;;;
Chernel;Andras;;;;;;
Chlachula;Jiří;;;;;;
Chmelařová;Martina;;;;;;
Chochoľáková;Anna;;;;;;
Chodúr;Miroslav;;;;;;
Chovancová;Miloslava;;;;;;
Chramcov;Bronislav;;;;;;
Chráska;Miroslav;;;;;;
Chromjaková;Felicita;;;;;;
Chudá;Hana;Vavříková;Hana;;;;
Chudý;Štefan;;;;;;
Gajzlerová;Lenka;Chvátalová;Lenka;;;;
Chwaszcz;Ondřej;;;;;;
Cichá;Martina;;;;;;
Kostikov;Eva;Cipovová;Eva;;;;
Čop;Jiří;;;;;;
Crhová;Zuzana;;;;;;
Čučová;Lucie;Marcaníková;Lucie;;;;
Culík;Tomáš;;;;;;
Damborský;Milan;;;;;;
Daníček;Ladislav;;;;;;
Danko;Lukáš;;;;;;
Dastych;Dalibor;;;;;;
Dastychová;Lenka;;;;;;
Datta;Sanjoy;;;;;;
De Alwis;Adambarage Chamaru;;;;;;
Di Martino;Antonio;;;;;;
Dlabaja;Roman;;;;;;
Dlapa;Marek;;;;;;
Dobeš;Kamil;;;;;;
Dohnalová;Zuzana;;;;;;
Dokoupil;Radek;;;;;;
Dolejšová;Miroslava;;;;;;
Janalíková;Magda;Doležalová;Magda;;;;
Dolinay;Jan;;;;;;
Dolinay;Viliam;;;;;;
Dostál;Petr;;;;;;
Dostál;Jiří;;;;;;
Dostálek;Petr;;;;;;
Drábek;Jiří;;;;;;
Drábková;Lenka;;;;;;
Drga;Rudolf;;;;;;
Dřímal;Pavel;;;;;;
Družbíková;Helena;Kadidlová;Helena;;;;
Dudešek;Bohumil;;;;;;
Dujková;Zuzana;;;;;;
Dulík;Tomáš;;;;;;
Dvořáčková;Marie;;;;;;
Dvořák;Zdeněk;;;;;;
Dvořák;Jiří;;;;;;
Dvořáková;Monika;Černá;Monika;;;;
Dvořáková;Petra;;;;;;
Elisek;Petr;;;;;;
Emonds;Joseph Embley;;;;;;
Fabián;Ondřej;;;;;;
Fialka;Miloslav;;;;;;
Fic;Vlastimil;;;;;;
Fišera;Miroslav;;;;;;
Flasarová;Radka;;;;;;
Fojtl;Ladislav;;;;;;
Fojtů;Dušan;;;;;;
Fonfárová;Vladimíra;;;;;;
Fortelný;Ivan;;;;;;
Frýželka;Vlastimil;;;;;;
Gál;Robert;;;;;;
Galya;Tsermaa;;;;;;
Garguláková;Monika;;;;;;
Gatěk;Jiří;;;;;;
Gavenda;Tomáš;;;;;;
Gavora;Peter;;;;;;
Gazdoš;František;;;;;;
Gergela;David;;;;;;
Gerža;Michal;;;;;;
Gester;Helga Silke;;;;;;
Giesl;Jiří;;;;;;
Goňa;Stanislav;;;;;;
Göttlichová;Marcela;Gottlichová;Marcela;;;;
Grebeníček;Pavel;;;;;;
Grečnár;Ján;;;;;;
Gregar;Aleš;;;;;;
Gregor;Lukáš;;;;;;
Gřešák;Václav;;;;;;
Grulich;Ondřej;;;;;;
Musilová;Lenka;Gřundělová;Lenka;;;;
Guo;Yiying;;;;;;
Haburajová Ilavská;Lenka;;;;;;
Hait;Pavel;;;;;;
Hájek;Oldřich;;;;;;
Hájková;Michaela;;;;;;
Halabalová;Věra;;;;;;
Halaška;Petr;;;;;;
Halouzka;Vladimír;;;;;;
Hanáková;Lenka;;;;;;
Hanulíková;Barbora;;;;;;
Hanuštiak;Pavel;;;;;;
Harantová;Lenka;;;;;;
Hart;Martin;;;;;;
Čermáková;Iva;Doležálková;Iva;Hauerlandová;Iva;;
Hausnerová;Berenika;;;;;;
He;Ying;;;;;;
Hečková;Jitka;;;;;;
Heczko;Michal;;;;;;
Heinzová;Romana;Bartošíková;Romana;;;;
Herman;Jan;;;;;;
Hladík;Jakub;;;;;;
Hladká;Kristýna;;;;;;
Hlaváček;Petr;;;;;;
Hlávka;Gustav;;;;;;
Hloušková;Nikola;;;;;;
Hnátek;Lukáš;;;;;;
Hnátek;Milan;;;;;;
Hnátková;Eva;;;;;;
Hoffmann;Jaromír;;;;;;
Holčapková;Pavlína;;;;;;
Holík;Zdeněk;;;;;;
Holko;Ivan;;;;;;
Homolka;Lubor;;;;;;
Honková;Natálie;Zdražilová;Natálie;;;;
Horák;Zdeněk;;;;;;
Horáková;Monika;;;;;;
Horna;Aleš;;;;;;
Horňák;Pavel;;;;;;
Houser;Josef;;;;;;
Hovorková;Zuzana;;;;;;
Hrabě;Jan;;;;;;
Hrabinová;Šárka;;;;;;
Hrazdilová Bočková;Kateřina;Bočková;Kateřina;;;;
Hrbáčková;Karla;;;;;;
Hrdina;Josef;;;;;;
Hrehorová;Kateřina;;;;;;
Hřibová;Martina;Kaszonyiová;Martina;;;;
Hrnčiřík;Josef;;;;;;
Hromada;Martin;;;;;;
Hromková;Ludmila;;;;;;
Hrubošová;Eva;;;;;;
Hrušecká;Denisa;Ferenčíková;Denisa;;;;
Hruška;František;;;;;;
Hubáčková;Veronika;;;;;;
Hubáčková;Jitka;;;;;;
Hudeček;Ondřej;;;;;;
Humpolíček;Petr;;;;;;
Husárová;Lucie;;;;;;
Huspeninová;Kateřina;Palíková;Kateřina;;;;
Hýblová;Eva;;;;;;
Ilčíková;Markéta;;;;;;
Ingr;Marek;;;;;;
Ivanka;Ján;;;;;;
Janáčová;Dagmar;;;;;;
Janča;Josef;;;;;;
Jančová;Petra;;;;;;
Jandíková;Gabriela;;;;;;
Janíček;Miroslav;;;;;;
Janiš;Rahula;;;;;;
Janků;Peter;;;;;;
Jaroš;Jiří;;;;;;
Jašek;Roman;;;;;;
Javořík;Jakub;;;;;;
Jayawardena Chandana;Liyanarachchi;Nanayakkara;Liyanarachchi;;;;
Jelínková;Lenka;;;;;;
Jindra;Jan;;;;;;
Julinová;Markéta;;;;;;
Jurásek;Martin;;;;;;
Jurášková;Olga;;;;;;
Jurča;Martin;;;;;;
Juřička;Martin;;;;;;
Juřičková;Eva;;;;;;
Juříková;Lucie;;;;;;
Juříková;Martina;;;;;;
Kafka;Stanislav;;;;;;
Kala;Miroslav;;;;;;
Kalenda;Jan;;;;;;
Kalendová;Alena;;;;;;
Kalous;Jiří;;;;;;
Kameníková;Blanka;;;;;;
Kašpárková;Věra;;;;;;
Kašpárková;Svatava;;;;;;
Kazantseva;Natalia E.;;;;;;
Kimmel;Roman;;;;;;
Kimmer;Dušan;;;;;;
Kitano;Takeshi;;;;;;
Klásek;Antonín;;;;;;
Klčová;Hana;;;;;;
Klein;Karel;;;;;;
Klímek;Petr;;;;;;
Klimeš;Jiří;;;;;;
Klimková;Eva;;;;;;
Klofáč;Jiří;;;;;;
Kloudová;Jitka;;;;;;
Knápková;Adriana;;;;;;
Knedlová;Jana;;;;;;
Kocman;Karel;;;;;;
Kocourek;Josef;;;;;;
Kocurek;Pavel;;;;;;
Kočvarová;Ilona;;;;;;
Kolařík;Roman;;;;;;
Kolářová;Eva;;;;;;
Kolářová Rašková;Zuzana;;;;;;
Kolčavová;Alena;;;;;;
Kolek;Jan;;;;;;
Kolomazník;Karel;;;;;;
Končitíková;Gabriela;;;;;;
Konečný;Jiří;;;;;;
Konečný;Petr;;;;;;
Kopčilová;Martina;;;;;;
Kopečková;Martina;Drábková;Martina;;;;
Korbel;Jiří;;;;;;
Kostelníková;Lenka;;;;;;
Kostrzewa;Marcin;;;;;;
Kouřil;Lukáš;;;;;;
Koutňáková;Martina;;;;;;
Koutný;Marek;;;;;;
Kovář;Michal;;;;;;
Kovářík;Martin;;;;;;
Kovářová;Lucie;;;;;;
Kozák;Vratislav;;;;;;
Kozáková;Věra;;;;;;
Kožáková;Zuzana;Machovská;Zuzana;;;;
Kozubková;Zuzana;;;;;;
Kráčmar;Stanislav;;;;;;
Král;Erik;;;;;;
Kráľ;Miloš;;;;;;
Kramná;Eva;Hýžová;Eva;;;;
Kramoliš;Jan;;;;;;
Kratina;Ondřej;;;;;;
Krátký;Petr;;;;;;
Krbeček;Michal;;;;;;
Krčmář;Petr;;;;;;
Krejčí;Jiří;;;;;;
Krejčí;Ondřej;;;;;;
Krenar;Petr;;;;;;
Křesálek;Vojtěch;;;;;;
Kročková;Štefánia;;;;;;
Kubalčík;Marek;;;;;;
Kubáň;Vlastimil;;;;;;
Kubát;Josef;;;;;;
Kubíčková;Martina;;;;;;
Kubík;Josef;;;;;;
Kubišová;Hana;;;;;;
Víchová;Zdenka;Capáková;Zdenka;Kuceková;Zdenka;;
Kucharczyk;Pavel;;;;;;
Kudela;Milan;;;;;;
Kuderová;Eva;;;;;;
Kupec;Jan;;;;;;
Kupská;Ivana;;;;;;
Kuřitka;Ivo;;;;;;
Kusák;Robert;;;;;;
Kutálková;Eva;;;;;;
Kutějová;Lenka;;;;;;
Kuthanová;Vanda;;;;;;
Kutnohorská;Jana;;;;;;
Kuzmin;Sergey;;;;;;
Kyas;Kamil;;;;;;
Labík;Ľudovít;;;;;;
Lamborová;Romana;;;;;;
Haková;Alžběta;Lampartová;Alžběta;;;;
Langmaier;Ferdinand;;;;;;
Lapčík;Lubomír;;;;;;
Lapčíková;Barbora;;;;;;
Kotková;Dora;Lapková;Dora;;;;
Lazárková;Zuzana;Bubelová;Zuzana;;;;
Lehocký;Marián;;;;;;
Lengálová;Anežka;;;;;;
Letko;Ivan;;;;;;
Liu;Pengbo;;;;;;
López García;Jorge Andrés;;;;;;
Lorencová;Eva;;;;;;
Lošek;Václav;;;;;;
Loučková;Pavlína;;;;;;
Lukáš;Luděk;;;;;;
Lukášková;Eva;;;;;;
Lukešová;Michaela;;;;;;
Lukovics;Imrich;;;;;;
Macháček;Jiří;;;;;;
Macháčková;Alena;;;;;;
Masár Machová;Dagmar;Machová;Dagmar;;;;
Machovský;Michal;;;;;;
Machů;Ludmila;;;;;;
Machů;Jiří;;;;;;
Klimecká;Eva;Machů;Eva;;;;
Macků;Lubomír;;;;;;
Macurová;Lucie;;;;;;
Maiello;Giuseppe;;;;;;
Majerčíková;Jana;;;;;;
Maláč;Jiří;;;;;;
Maláč;Kamil;;;;;;
Malachová;Martina;;;;;;
Malaník;David;;;;;;
Maláník;Zdeněk;;;;;;
Málek;Ondřej;;;;;;
Maloch;Jaroslav;;;;;;
Maňas;Miroslav;;;;;;
Maňas;David;;;;;;
Mandincová;Petra;Janečková;Petra;;;;
Marek;Libor;;;;;;
Marholt;Jiří;;;;;;
Maršálková;Kristýna;;;;;;
Martinek;Pavel;;;;;;
Marušincová;Hana;;;;;;
Masariková;Anna;;;;;;
Mašlík;Jan;;;;;;
Matejdes;Milan;;;;;;
Matelová;Alena;;;;;;
Matošková;Jana;;;;;;
Matoušek;Tomáš;;;;;;
Matula;Miloš;;;;;;
Matušů;Radek;;;;;;
Matýsek;Miroslav;;;;;;
Melar;Jaroslav;;;;;;
Merchan;Martha;;;;;;
Merhaut;Filip;;;;;;
Měřínská;Dagmar;;;;;;
Měrková;Markéta;;;;;;
Mikeš;Josef;;;;;;
Mikeska;Martin;;;;;;
Mikuláštík;Milan;;;;;;
Minařík;Antonín;;;;;;
Míšková;Zuzana;Vaňátková;Zuzana;;;;
Miššíková;Gabriela;;;;;;
Mišurcová;Ladislava;;;;;;
Mizera;Aleš;;;;;;
Mlček;Jiří;;;;;;
Mokrejš;Pavel;;;;;;
Molnár;Zdeněk;;;;;;
Pilíková;Dagmar;Moravčíková;Dagmar;;;;
Motýl;Ivo;;;;;;
Moučka;Robert;;;;;;
Mráček;Aleš;;;;;;
Mrlík;Miroslav;;;;;;
Musil;Jan;;;;;;
Mušinský;Martin;;;;;;
Mynařík;Alois;;;;;;
Nabareseh;Stephen;;;;;;
Nagyová;Gabriela;;;;;;
Navrátil;Milan;;;;;;
Navrátil;Pavel;;;;;;
Navrátil;Petr;;;;;;
Navrátil;Jan;;;;;;
Navrátilová;Jana;Výchopňová;Jana;;;;
Navrátilová;Hana;;;;;;
Novosáková;Jana;Nekolová;Jana;;;;
Nemčoková;Katarína;;;;;;
Neubauerová;Bronislava;;;;;;
Neumann;Petr;;;;;;
Nguyen;Thanh Dung;;;;;;
Novák;Jakub;;;;;;
Novák;Petr;;;;;;
Novosad;David;;;;;;
Novosák;Jiří;;;;;;
Olejník;Robert;;;;;;
Komínková Oplatková;Zuzana;Oplatková;Zuzana;;;;
Opluštil;Michal;;;;;;
Opravilová;Jana;;;;;;
Orsavová;Jana;;;;;;
Osakwe;Christian Nedu;;;;;;
Ostravská;Lenka;;;;;;
Ostravský;Jan;;;;;;
Otáhal;Jiří;;;;;;
Otgonzul;Onon;;;;;;
Otrusinová;Milana;;;;;;
Ovsík;Martin;;;;;;
Ozdemir;Maia;;;;;;
Ožvoldová;Miroslava;;;;;;
Pachlová;Vendula;;;;;;
Pálka;Jiří;;;;;;
Pálka;Přemysl;;;;;;
Pálka;Jan;;;;;;
Papadaki;Šárka;Fialová;Šárka;;;;
Paravanová;Gordana;;;;;;
Paseková;Marie;;;;;;
Pastorek;Miroslav;;;;;;
Pastuszková;Eliška;;;;;;
Pata;Vladimír;;;;;;
Pátíková;Zuzana;;;;;;
Pavelková;Drahomíra;;;;;;
Pavelková;Alena;;;;;;
Pavlačková;Jana;;;;;;
Pavlech;Michal;;;;;;
Duřpeková;Silvie;Pavlíčková;Silvie;;;;
Pavlínek;Vladimír;;;;;;
Pecha;Jiří;;;;;;
Peer;Petra;;;;;;
Pejřová;Ivana;;;;;;
Pekař;Libor;;;;;;
Pekařová;Silvie;;;;;;
Pelikán;Radek;;;;;;
Pelíšková;Michaela;Paligová;Michaela;;;;
Pelková;Jana;;;;;;
Peprníček;Tomáš;;;;;;
Perůtka;Karel;;;;;;
Petráš;David;;;;;;
Petřek;Josef;;;;;;
Pilík;Michal;;;;;;
Piska;Josef;;;;;;
Pištěk;David;;;;;;
Pištěková;Hana;;;;;;
Pitrová;Kateřina;;;;;;
Pivnička;Michal;;;;;;
Pivníčková;Lucie;;;;;;
Pivodová;Pavlína;;;;;;
Piyamanocha;Pongprapat;;;;;;
Plachý;Tomáš;;;;;;
Pleva;Pavel;;;;;;
Plšek;Stanislav;;;;;;
Pluháček;Michal;;;;;;
Podoba;Tomáš;;;;;;
Pokorný;Pavel;;;;;;
Polách;Jiří;;;;;;
Polášek;Vladimír;;;;;;
Polášek;Antonín;;;;;;
Polášek;Zdeněk;;;;;;
Polášková;Martina;;;;;;
Polášková;Jana;;;;;;
Polčáková;Martina;;;;;;
Polepilová;Renata;;;;;;
Ponížil;Petr;;;;;;
Popesko;Boris;;;;;;
Porvazník;Ján;;;;;;
Pospíšilík;Martin;;;;;;
Procházka;Michal;;;;;;
Procházka;Antonín;;;;;;
Proisl;Karel;;;;;;
Prokop;Roman;;;;;;
Prokopová;Zdenka;;;;;;
Prucková;Zdeňka;;;;;;
Půček;Milan;;;;;;
Rajnoha;Rastislav;;;;;;
Rajnohová;Eliška;;;;;;
Rak;Jakub;;;;;;
Raška;Zdeněk;;;;;;
Ředinová;Hana;;;;;;
Řeháčková;Helena;;;;;;
Rektoříková;Barbora;;;;;;
Remeš;Daniel;;;;;;
Řezníček;Martin;;;;;;
Řezníčková;Jana;;;;;;
Rokyta;Luboš;;;;;;
Rop;Otakar;;;;;;
Rosman;Pavel;;;;;;
Rouchal;Michal;;;;;;
Roy;Niladri;;;;;;
Rudolf;Ondřej;;;;;;
Rusnáková;Soňa;;;;;;
Růžička;Jan;;;;;;
Šenkýřová;Jana;Růžičková;Jana;;;;
Saarai;Amarjargal;;;;;;
Šafařík;Zdeněk;;;;;;
Saha;Nabanita;;;;;;
Saha;Nibedita;;;;;;
Sáha;Petr;;;;;;
Sáha;Tomáš;;;;;;
Salač;Jan;;;;;;
Salek;Richardos-Nicolaos;;;;;;
Sambaer;Wannes;;;;;;
Samek;Dušan;;;;;;
Sámek;David;;;;;;
Šanda;Štěpán;;;;;;
Šánek;Lubomír;;;;;;
Sanétrník;Daniel;;;;;;
Sarga;Libor;;;;;;
Sasínková;Martina;;;;;;
Schauer;František;Schauer;Franz;;;;
Sedláček;Tomáš;;;;;;
Sedláček;Marek;;;;;;
Sedlačík;Michal;;;;;;
Sedlačík;Radek;;;;;;
Sedlák;Jakub;;;;;;
Sedlařík;Vladimír;;;;;;
Sedlaříková;Jana;Bobálová;Jana;;;;
Šefčík;Vladimír;;;;;;
Šenkeřík;Roman;;;;;;
Šenkeřík;Vojtěch;;;;;;
Šerá;Jana;;;;;;
Ševčík;David;;;;;;
Ševčíková;Petra;;;;;;
Shah;Rushita;;;;;;
Shejbalová;Dana;;;;;;
Sikora;Antonín;;;;;;
Šilhánová;Renata;;;;;;
Šilhavý;Petr;;;;;;
Šilhavý;Radek;;;;;;
Šimek;Lubomír;;;;;;
Šípalová;Markéta;;;;;;
Šišková;Veronika;;;;;;
Sixtová;Petra;;;;;;
Škarka;Pavel;;;;;;
Skočík;Petr;;;;;;
Skopalík;Aleš;;;;;;
Škrobák;Adam;;;;;;
Škrovánková;Soňa;;;;;;
Slaný;Jaroslav;;;;;;
Slavík;Roman;;;;;;
Slezák;Radek;;;;;;
Slinták;Karel;;;;;;
Sližová;Marta;;;;;;
Slobodian;Petr;;;;;;
Slovák;Dalibor;;;;;;
Lebedik;Anastasia Sluštíková;;;;;;
Šmehlíková;Monika;;;;;;
Smékalová;Lenka;;;;;;
Smolka;Petr;;;;;;
Smolková;Ilona Sergeevna;Stepanova;Ilona Sergeevna;;;;
Snopek;Petr;;;;;;
Sobotková;Eliška;;;;;;
Soukalová;Radomila;;;;;;
Sowe;Musa;;;;;;
Špaček;Josef;;;;;;
Špiláková;Petra;;;;;;
Šrahůlková;Kateřina;;;;;;
Staněk;Michal;;;;;;
Staňková;Pavla;;;;;;
Stará;Danuše;;;;;;
Štarchoň;Peter;;;;;;
Štefánek;Radoslav;;;;;;
Štefánková;Jana;;;;;;
Šteker;Karel;;;;;;
Stloukal;Petr;;;;;;
Stoček;Radek;;;;;;
Stoklasa;Karel;;;;;;
Stříž;Pavel;;;;;;
Strohmandl;Jan;;;;;;
Strouhal;Jiří;;;;;;
Struhařová;Kateřina;;;;;;
Šuba;Oldřich;;;;;;
Sukop;Svatopluk;;;;;;
Šulová;Dagmar;;;;;;
Sulovská;Kateřina;;;;;;
Šuly;Pavol;;;;;;
Sumczynski;Daniela;Kramářová;Daniela;;;;
Surman;Martin;;;;;;
Švarcová;Jena;;;;;;
Šviráková;Eva;;;;;;
Svitáková;Bohumila;;;;;;
Svoboda (ÚTV);Jiří;;;;;;
Svoboda (ÚFÚ);Jiří;;;;;;
Svoboda (FAI);Jiří;;;;;;
Svoboda (FMK);Jiří;;;;;;
Svoboda (FT);Petr;;;;;;
Svobodová;Dagmar;;;;;;
Svobodová;Blanka;;;;;;
Sýkorová;Libuše;;;;;;
Sysala;Tomáš;;;;;;
Sysala;Jan;;;;;;
Sysel;Martin;;;;;;
Taraba;Pavel;;;;;;
Tesaříková Svobodová;Alice;Tesaříková;Alice;;;;
Tomancová;Lucie;;;;;;
Tomášek;Pavel;;;;;;
Tomaštík;Marek;;;;;;
Tomek;Miroslav;;;;;;
Tomšů;Lukaš;;;;;;
Trčka;Lukáš;;;;;;
Trčková;Dita;;;;;;
Trňáčková;Petra;;;;;;
Trnka;František;;;;;;
Trojan;Jakub;;;;;;
Trušník;Roman;;;;;;
Tuček;David;;;;;;
Tučková;Zuzana;;;;;;
Tupý;Michael;;;;;;
Uhrová;Drahomíra;;;;;;
Ulčíková;Danuše;;;;;;
Urbánek;Pavel;;;;;;
Urbánek;Michal;;;;;;
Urbánková;Miroslava;;;;;;
Úředníček;Zdeněk;;;;;;
Vaculíková;Jitka;Jakešová;Jitka;;;;
Vala;Radek;;;;;;
Valášek;Pavel;;;;;;
Valenta;Tomáš;;;;;;
Valíková;Daniela;;;;;;
Valouch;Jan;;;;;;
Vaněk;Jiří;;;;;;
Vaňharová;Ludmila;;;;;;
Vařacha;Pavel;;;;;;
Vašek;Vladimír;;;;;;
Vašek;Lubomír;;;;;;
Vašina;Martin;;;;;;
Tomášková;Hana;Vašková;Hana;;;;
Ambrožová;Jarmila;Vávra Ambrožová;Jarmila;Ambrožová Vávra;Jarmila;;
Kalenda;Soňa;Vávrová;Soňa;;;;
Vážan;Petr;;;;;;
Včelař;František;;;;;;
Včelařová;Hana;;;;;;
Vejmělková;Eva;Jirčíková;Eva;;;;
Velichová;Helena;;;;;;
Veselovská;Ludmila;;;;;;
Šenkárová;Lenka;Veverková;Lenka;;;;
Vičar;Dušan;;;;;;
Vícha;Robert;;;;;;
Vícha;Jan;;;;;;
Vilčáková;Jarmila;;;;;;
Vinklárek;Petr;;;;;;
Vinter;Štěpán;;;;;;
Virglerová;Zuzana;;;;;;
Vlček;Karel;;;;;;
Vltavská;Pavlína;Egner;Pavlína;;;;
Vodáková;Michaela;;;;;;
Vojtěšek;Jiří;;;;;;
Volek;František;;;;;;
Volná;Jana;Šeděnková;Jana;;;;
Vránová;Šárka;;;;;;
Přílučíková;Jana;Vychytilová;Jana;;;;
Vydrová;Janka;Ladová;Janka;;;;
Vyoralová;Martina;;;;;;
Vyroubal;Radek;;;;;;
Vysekalová;Jitka;;;;;;
Weiserová;Eva;;;;;;
Wiegerová;Adriana;;;;;;
Hnidáková;Dana;;;;;;
Wokoun;René;;;;;;
Wunderlichová;Leona;;;;;;
Yadav;Raghvendra Singh;;;;;;
Yang;Luming;;;;;;
Zádrapa;Petr;;;;;;
Zahradník;Petr;;;;;;
Zálešák;Martin;;;;;;
Zálešák;Michal;;;;;;
Žaludek;Milan;;;;;;
Zámečník;Roman;;;;;;
Zandraa;Oyunchimeg;;;;;;
Zatloukal;Martin;;;;;;
Závodná;Lucie Sára;;;;;;
Zelený;Milan;;;;;;
Zelinka;Ivan;;;;;;
Zeman;Vlastimil;;;;;;
Zimola;Bedřich;;;;;;
Zůvala;Robert;;;;;;
Zýková;Jitka;;;;;;
Adamcová;Gabriela;;;;;;
Achillesová;Jitka;;;;;;
Alhassan;Dawuda;;;;;;
Asatryan;Roman;;;;;;
Bačová;Helena;;;;;;
Baran;Norbert;;;;;;
Barot;Tomáš;;;;;;
Bartoňová;Marie;;;;;;
Bartoš;Jiří;;;;;;
Bartoš;Přemysl;;;;;;
Bartošáková;Vendula;;;;;;
Bařák;Marian;;;;;;
Belza;Tomáš;;;;;;
Benda;Ivo;;;;;;
Beneš;Martin;;;;;;
Benešová;Karolína;;;;;;
Beňo;Pavel;;;;;;
Beran;Petr;;;;;;
Boudná;Hana;;;;;;
Brázdilová;Petra;;;;;;
Brychta;Karel;;;;;;
Budinský;Pavel;;;;;;
Bujnoch;Luděk;;;;;;
Burda;Jindřich;;;;;;
Butkovičová;Adéla;;;;;;
Cedidlová;Miroslava;;;;;;
Ciprysová;Zuzana;;;;;;
Císlerová;Tereza;;;;;;
Cvek;Martin;;;;;;
Čabla;Roman;;;;;;
Čandík;Marek;;;;;;
Čápek;Petr;;;;;;
Čech;Pavel;;;;;;
Čechová;Markéta;;;;;;
Černý;Michal;;;;;;
Červenáková;Lenka;;;;;;
Červenka;Michal;;;;;;
Červinka;Richard;;;;;;
Červinková;Markéta;;;;;;
Daněk;Michal;;;;;;
Davendra;Donald David;;;;;;
Dlabač;Jaroslav;;;;;;
Dobřický;Josef;;;;;;
Doležal;Aleš;;;;;;
Doležal;Jiří;;;;;;
Doležal;Ondřej;;;;;;
Došek;Roman;;;;;;
Drahošová;Jana;;;;;;
Drga;Tomáš;;;;;;
Drienovský;Viliam;;;;;;
Duben;Jiří;;;;;;
Dudák;Tomáš;;;;;;
Dudák;Zdeněk;;;;;;
Duchoň;Josef;;;;;;
Dula;Tomáš;;;;;;
Dupalová;Pavla;;;;;;
Ďuračková;Andrea;;;;;;
Ďurčo;Peter;;;;;;
Mrázková;Lucia;Mrázková Ďuricová;Lucia;Ďuricová;Lucia;Ďuricová Procházková;Lucia
Dvořáková;Šárka;;;;;;
Dytrt;Zdenek;;;;;;
Ershova;Maria;;;;;;
Fejta;Lukáš;;;;;;
Fekiač;Jozef;;;;;;
Fenyk;Jan;;;;;;
Fialová;Monika;;;;;;
Fraštík;Michal;;;;;;
Friebrová;Veronika;;;;;;
Friedel;Libor;;;;;;
Frodlová;Miroslava;;;;;;
Gabčová;Lenka;;;;;;
Gabrhel;Vít;;;;;;
Galiová;Lucie;;;;;;
Ganbold;Solongo;;;;;;
Gerych;Pavel;;;;;;
Glogar;Alois;;;;;;
Gregovská;Marcela;;;;;;
Habrová;Veronika;;;;;;
Habuda;Martin;;;;;;
Hadač;Jiří;;;;;;
Halmo;Renata;;;;;;
Havlínová;Bohuslava;;;;;;
Hlaváček;Marek;;;;;;
Hlawiczka;Roman;;;;;;
Hlobilová;Michaela;;;;;;
Holec;Marcel;;;;;;
Hološka;Jiří;;;;;;
Holubář;Radek;;;;;;
Honek;Tomáš;;;;;;
Horáček;Petr;;;;;;
Horák;Martin;;;;;;
Hořáková;Vladislava;;;;;;
Hoza;Ignác;;;;;;
Hrabal;Martin;;;;;;
Hrabinová;Regina;;;;;;
Hrbáček;Jan;;;;;;
Hrubý;Tomáš;;;;;;
Hřebíček;Milan;;;;;;
Huba;Jakub;;;;;;
Hubáček;Jiří;;;;;;
Hudcová;Kateřina;;;;;;
Hudečková;Lenka;;;;;;
Hurta;Josef;;;;;;
Chaloupková;Kateřina;;;;;;
Chovancová;Božena;;;;;;
Chovanec;Rudolf;;;;;;
Chrobák;Pavel;;;;;;
Chromčáková;Jitka;;;;;;
Chromečková;Martina;;;;;;
Jančařík;Miroslav;;;;;;
Janečková;Kristýna;;;;;;
Jangl;Patrik;;;;;;
Januška;Peter;;;;;;
Jedličková;Kristýna;;;;;;
Jelínek;Miloš;;;;;;
Ježková;Veronika;;;;;;
Jílková;Hana;;;;;;
Jiránek;Lukáš;;;;;;
Joch;Michael;;;;;;
Jurásek;Roman;;;;;;
Jurčíček;Petr;;;;;;
Jurečka;Pavel;;;;;;
Juřica;Stanislav;;;;;;
Juřík;Milan;;;;;;
Juříková;Jana;;;;;;
Kadlčák;Jakub;;;;;;
Kalus;Jakub;;;;;;
Karafiát;Tomáš;;;;;;
Karnas;Radoslav;;;;;;
Kašpárek;Jiří;;;;;;
Kazantsev;Yurii;;;;;;
Keclíková;Kristýna;;;;;;
Klívar;Stanislav;;;;;;
Knot;Jiří;;;;;;
Knot;Tomáš;;;;;;
Kočicová;Soňa;;;;;;
Kodriková;Klára;;;;;;
Kolajová;Zuzana;;;;;;
Kolařík;Jaroslav;;;;;;
Kolařík;Martin;;;;;;
Kolařík;Pavel;;;;;;
Kolařík;Rostislav;;;;;;
Komínek;Aleš;;;;;;
Konečný;Pavel;;;;;;
Korcová;Markéta;;;;;;
Korec;Jan;;;;;;
Kořistek;Kamil;;;;;;
Košturiak;Ján;;;;;;
Kotoč;Július;;;;;;
Kotyzová;Pavla;;;;;;
Kouřilová;Jana;;;;;;
Koutný;František;;;;;;
Kovář;Filip;;;;;;
Kovářík;Michal;;;;;;
Kovářová;Miroslava;;;;;;
Král;Ondřej;;;;;;
Králík;Lukáš;;;;;;
Kramářová;Daniela;;;;;;
Krampl;Jakub;;;;;;
Kratina;Jaromír;;;;;;
Krčmář;Jakub;;;;;;
Kreizlová;Dana;;;;;;
Krhovják;Adam;;;;;;
Kruliš;Vladimír;;;;;;
Křemen;Filip;;;;;;
Křenek;Jiří;;;;;;
Křesálková;Martina;;;;;;
Kříž;Oldřich;;;;;;
Křížek;Karel;;;;;;
Křížová;Táňa;;;;;;
Křůmal;Martin;;;;;;
Křupalová;Monika;;;;;;
Kubát;Michael;;;;;;
Kuběna;Jiří;;;;;;
Kubíček;Josef;;;;;;
Kubík;Pavel;;;;;;
Kuchař;Dalibor;;;;;;
Kurečková;Eva;;;;;;
Kvasnica;Milan;;;;;;
Labudíková;Martina;;;;;;
Lampart;Marek;;;;;;
Látal;Petr;;;;;;
Láznička;Libor;;;;;;
Lopatin;Alexander;;;;;;
Lukašík;Petr;;;;;;
Lukoszová;Xenie;Łukoszová;Xenie;;;;
Macková;Zuzana;;;;;;
Macků;Ivana;;;;;;
Máčalík;Zdeněk;;;;;;
Mahdalíček;Petr;;;;;;
Maláč;Zdeněk;;;;;;
Malaník;Ondřej;;;;;;
Málek;Zdeněk;;;;;;
Malochová;Martina;;;;;;
Malus;Martin;;;;;;
Mančík;Pavel;;;;;;
Marcaník;Lukáš;;;;;;
Martinec;Pavel;;;;;;
Matějíček;Jakub;;;;;;
Matejík;Daniel;;;;;;
Matulík;Tomáš;;;;;;
Matyáš;Jiří;;;;;;
Mihok;Miroslav;;;;;;
Mikulcová;Veronika;;;;;;
Mikulka;Tomáš;;;;;;
Mikuš;Maroš;;;;;;
Minarčíková;Lucie;;;;;;
Minář;Jan;;;;;;
Minařík;Martin;;;;;;
Mirošová;Pavla;;;;;;
Mládek;Milan;;;;;;
Mlejnek;Petr;;;;;;
Molatová;Zuzana;;;;;;
Montágová;Kristýna;;;;;;
Morávková;Lenka;;;;;;
Mosnáček;Jaroslav;;;;;;
Mošnovská;Radka;;;;;;
Mrkvička;Vladimír;;;;;;
Muchová;Markéta;;;;;;
Musil;Tomáš;;;;;;
Navrátil;Eduard;;;;;;
Neckář;Pavel;;;;;;
Němeček;Petr;;;;;;
Nenutilová;Lenka;;;;;;
Nonaka;Takako;;;;;;
Nosková;Radka;;;;;;
Novák;Ivo;;;;;;
Novák;Jiří;;;;;;
Novák;Libor;;;;;;
Nožička;Jakub;;;;;;
Obadal;Martin;;;;;;
Oborný;Zdeněk;;;;;;
Olšák;Jiří;;;;;;
Ondrejkovič;Peter;;;;;;
Padúchová;Alena;;;;;;
Palík;Ctirad;;;;;;
Palíková;Kateřina;;;;;;
Pálka;Lukáš;;;;;;
Parmar;Harshida;;;;;;
Pekajová;Lívia;;;;;;
Pelíšek;Vladimír;;;;;;
Pernická;Lenka;;;;;;
Petráš;Rastislav;;;;;;
Petruchová;Marie;;;;;;
Petříková;Růžena;;;;;;
Piš;Vladimír;;;;;;
Pišan;Radim;;;;;;
Pivoda;Milan;;;;;;
Pivokonský;Radek;;;;;;
Plavec;Michal;;;;;;
Podešvová;Tereza;;;;;;
Pokluda;Zdeněk;;;;;;
Poláková;Veronika;;;;;;
Pollaková;Eva;;;;;;
Pomykacz;Ivan;;;;;;
Ponický;Peter;;;;;;
Poongavalappil;Sameepa;;;;;;
Popelka;Miroslav;;;;;;
Pospíšil;Jan;;;;;;
Pospíšil;Richard;;;;;;
Princ;Michal;;;;;;
Přibyl;Milan;;;;;;
Pšeja;Jiří;;;;;;
Rachůnek;Lukáš;;;;;;
Rakus;David;;;;;;
Rašner;Jiří;;;;;;
Rašner;Jaroslav;;;;;;
Rochovanský;František;;;;;;
Rybnikář;František;;;;;;
Rytíř;Vladimír;;;;;;
Řezníček;Bohuslav;;;;;;
Řezníčková;Iveta;;;;;;
Říha;Pavel;;;;;;
Říha;Petr;;;;;;
Římská;Zdeňka;;;;;;
Sádlíková;Ivana;;;;;;
Sáha;Lubomír;;;;;;
Seberová;Helena;;;;;;
Sebök;Tibor;;;;;;
Sečkař;Jan;;;;;;
Sehnálek;Stanislav;;;;;;
Seidler;Jiří;;;;;;
Sekulová;Kateřina;;;;;;
Shinkarenko;Konstantin;;;;;;
Sikorová;Pavlína;;;;;;
Sipko;Juraj;;;;;;
Slavíková;Štěpánka;;;;;;
Sobolík;Martin;;;;;;
Sodomka;Petr;;;;;;
Sohlich;Radomír;;;;;;
Sousedík;Pavel;;;;;;
Stavjaníčková;Iva;Vendolská;Iva;;;;
Steinhaus;Johannes;;;;;;
Stejskal;Jaroslav;;;;;;
Stráněl;Oldřich;;;;;;
Struhařová;Veronika;;;;;;
Studýnka;Vojtěch;;;;;;
Stuchlík;Martin;;;;;;
Sůkal;David;;;;;;
Surýnek;Tomáš;;;;;;
Světlík;Jiří;;;;;;
Szimethová;Monika;;;;;;
Šafaříková;Barbora;;;;;;
Šaur;David;;;;;;
Šedivý;Petr;;;;;;
Ševčík;Jiří;;;;;;
Šerek;Radomír;;;;;;
Šibová;Barbora;;;;;;
Šild;Dušan;;;;;;
Šild;Marek;;;;;;
Šimon;Michal;;;;;;
Šimoník;Josef;;;;;;
Šindelář;Marek;;;;;;
Šívarová;Jarmila;;;;;;
Šivel;Miroslav;;;;;;
Škarka;Milan;;;;;;
Škoda;David;;;;;;
Škodáková;Petra;;;;;;
Šmída;Petr;;;;;;
Špaček;František;;;;;;
Špaňhelová;Marcela;;;;;;
Štajnochová;Kateřina;;;;;;
Stěnička;Martin;;;;;;
Šuba Jr.;Oldřich;;;;;;
Šuránek;Martin;;;;;;
Švec;Vlastimil;;;;;;
Švejda;Jaromír;;;;;;
Talaš;Stanislav;;;;;;
Taťáková;Monika;;;;;;
Tejkl;Radek;;;;;;
Theimrová;Eva;;;;;;
Theravalappil;Rajesh;;;;;;
Tichánek;Petr;;;;;;
Karlík;Tomáš;;;;;;
Tomaštík;Martin;;;;;;
Tomeček;Petr;;;;;;
Tupý;Jaroslav;;;;;;
Urban;Pavel;;;;;;
Urbančoková;Hana;;;;;;
Urbanec;Petr;;;;;;
Urbánek;Tomáš;;;;;;
Václavková;Tereza;;;;;;
Václavský;Michal;;;;;;
Vaculík;Jaroslav;;;;;;
Valenta;Petr;;;;;;
Dröhsler;Petra;Válková;Petra;;;;
Vápeník;Petr;;;;;;
Varačka;Matúš;;;;;;
Vašková;Mária;;;;;;
Vávra;Jan;;;;;;
Vavříková;Hana;;;;;;
Velclová;Kateřina;;;;;;
Veličková;Alena;;;;;;
Veselá;Daniela;;;;;;
Vilčák;Petr;;;;;;
Vincenec;Jiří;;;;;;
Vincent;Ivo;;;;;;
Vitásek;Stanislav;;;;;;
Vogeltanz;Tomáš;;;;;;
Vojtek;Tomáš;;;;;;
Vojtíšková;Petra;;;;;;
Volčík;Viktor;;;;;;
Voldánová;Jana;;;;;;
Volkova;Natalia;;;;;;
Volná;Jana;;;;;;
Vondruška;Milan;;;;;;
Vořechová;Eva;;;;;;
Vráblík;Miroslav;;;;;;
Vrba;Přemysl;;;;;;
Vrba;Pavel;;;;;;
Vrzal;Ondřej;;;;;;
Vybíhal;Václav;;;;;;
Výstupová;Lenka;;;;;;
Wilczynski;Ondřej;;;;;;
Winkler;Martin;;;;;;
Začalová;Dominika;;;;;;
Zádrapa;Hynek;;;;;;
Zachová;Barbora;;;;;;
Zajíc;Martin;;;;;;
Zalabová;Lenka;;;;;;
Zaňka;Filip;;;;;;
Zaoral;Tomáš;;;;;;
Zaoralová;Helena;;;;;;
Zapletalová;Andrea;;;;;;
Zatloukalová;Šárka;;;;;;
Zbranková;Hana;;;;;;
Zemánek;Jaroslav;;;;;;
Zhou;Jin;;;;;;
Zvoníček;Josef;;;;;;
Žáček;Petr;;;;;;
Žák;Roman;;;;;;
Žáková;Karolína;;;;;;
Žižka;Jiří;;;;;;
Žlebek;Petr;;;;;;
Žouželková;Iveta;;;;;;
Fišerová;Zuzana;;;;;;
Drábek;Pavel;;;;;;
Lapčík Sr.;Lubomír;;;;;;
Fei;Haojie;;;;;;
Havíř;Tomáš;;;;;;
Maděrová;Simona;;;;;;
Plisková;Barbora;;;;;;
Viktorin;Adam;;;;;;
Janoštík;Jakub;;;;;;
Kudlová;Pavla;;;;;;
Musil;Miroslav;;;;;;
Antoš;Jan;;;;;;
Babar;Dipak Gorakh;;;;;;
Nedvědová;Marie;Tobolová;Marie;;;;
Stankalla;Roland;;;;;;
Valle;DonVito;;;;;;
Turečková;Alžběta;Vlachynská;Alžběta;;;;
Jarmar;Michal;;;;;;
Skovajsa;Jan;;;;;;
Gabko;Libor;;;;;;
Hynčicová;Monika;;;;;;
Dalajková;Andrea;;;;;;
Nedělová;Martina;;;;;;
Zacharová;Michaela;Brychtová;Michaela;;;;
Krausová;Jana;Kitliňská;Jana;;;;
Kristalas;Dimitris;;;;;;
Wrzecionko;Erik;;;;;;
Aliu;Florin;;;;;;
Masaříková;Lucie;;;;;;
Bureš;David;;;;;;
Pangaribuan;Artambo Benjamin;;;;;;
Masař;Milan;;;;;;
Ray;Ayan;;;;;;
Vítková;Lenka;;;;;;
Koryťák;Zdeněk;;;;;;
Filla;Jan;;;;;;
Bačuvčíková;Petra;;;;;;
Gracla;Michal;;;;;;
Ficek;Martin;;;;;;
Kunčar;Aleš;;;;;;
Veselá;Veronika;;;;;;
Janoštík;Václav;;;;;;
Dorková;Zlatica;;;;;;
Benyahya;Petra;Kressová;Petra;;;;
Vajďák;Jan;;;;;;
Haltofová;Barbora;;;;;;
Božek;František;;;;;;
Zátopek;Jiří;;;;;;
Kadavý;Tomáš;;;;;;
Víchová;Kateřina;;;;;;
Kozubíková;Ludmila;;;;;;
Ondra;Pavel;;;;;;
Homola;David;;;;;;
Mikuličová;Michaela;;;;;;
Spaček;Ľuboš;;;;;;
Valášek Jr.;Pavel;;;;;;
Kudláček;Ladislav;;;;;;
Nguyen;Ngoc Tan;;;;;;
Nwaiwu;Fortune;;;;;;
Pham;Tan Nhat;;;;;;
Sadil;Vojtěch;;;;;;
Nguyen;Thi Anh Nhu;;;;;;
Rahman;Ashiqur;;;;;;
Adámková;Anna;;;;;;
Hýblová;Monika;;;;;;
Svirak;Nikola;Vykydalová;Nikola;;;;
Do;Le Nhu Quynh;;;;;;
Tureček;Tomáš;;;;;;
Le;Tuan Bach;;;;;;
Osička;Josef;;;;;;
Povolná;Lucie;;;;;;
Do;Thi Thanh Nhan;;;;;;
Cera;Gentjan;Çera;Gentjan;;;;
Čermáková;Marie;;;;;;
Pala;David;;;;;;
Kyselák;Jan;;;;;;
Phan;Quyen Phu Thi;;;;;;
Yousaf;Muhammad;;;;;;
Ho;Thanh Tri;;;;;;
Koval;Oksana;Koval;Oksana Petrivna;;;;
Kombo;Felix;;;;;;
Lizundia;Erlantz;;;;;;
Haziri;Fortesa;;;;;;
Kovár;Ivan;;;;;;
Palem;Ramasubba Reddy;;;;;;
Akorede;Amina Lami;;;;;;
Kazíková;Anežka;;;;;;
Haenel;Thomas;;;;;;
Kovář;Stanislav;;;;;;
Mach;Václav;;;;;;
Pechancová;Viera;;;;;;
Herath;Chaminda Shaman;;;;;;
Petrů Puhrová;Barbora;;;;;;
Vargová;Slavomíra;;;;;;
Talandová;Hana;;;;;;
Stoklásek;Pavel;;;;;;
Rušar;Lukáš;;;;;;
Dokulil;Jiří;;;;;;
Beltrán-Prieto;Luis Antonio;;;;;;
Balaban;Milan;;;;;;
Barbořík;Tomáš;;;;;;
Filip;Jaroslav;;;;;;
Kapplová;Olga;;;;;;
Zicha;Jiří;;;;;;
Kučera;Filip;;;;;;
Slováková;Markéta;;;;;;
Alaverdyan;Davit;;;;;;
Poliaková;Adela;;;;;;
Vaculčíková;Zuzana;Jurigová;Zuzana;;;;
Kwarteng;Michael Adu;;;;;;
Li;Peng;;;;;;
Karger;Tomáš;;;;;;
Otekhile;Cathy-Austin;;;;;;
Hýlová;Lenka;Hýlova;Lenka;;;;
Doležel;Petr;;;;;;
Kopytko;Walter;;;;;;
Mašek;Ivan;;;;;;
Hrabec;Dušan;;;;;;
Münster;Lukáš;Munster;Lukáš;;;;
Bilan;Yuriy;;;;;;
Čapka;Alexander;;;;;;
Kubišová;Milena;;;;;;
Kudělka;Josef;;;;;;
Martínek;Tomáš;;;;;;
Gerlich;Vladimír;;;;;;
Wanninayake;W.M.C. Bandara;;;;;;
Červenka;Miroslav;;;;;;
Eckenhofer;Eva Maria;;;;;;
Weberová;Dagmar;;;;;;
Asadinezhad;Ahmad;;;;;;
Koláček;Martin;;;;;;
Nečesal;Luboš;;;;;;
Pathirawasam;Chandrapala;;;;;;
Hassanin;Mahmoud Elsayed Moustafa;;;;;;
Káčer;Jan;;;;;;
Marcaník;Miroslav;;;;;;
Martincová;Jana;Jurčíková;Jana;;;;
Mráček;Jakub;;;;;;
Nadirov;Orkhan;;;;;;
Shimoga Dinesh;Ganesh;;;;;;
Šustek;Michal;;;;;;
Chrastina;Peter;;;;;;
Ďurišová;Libuše;;;;;;
Dvorský;Ján;;;;;;
Hruzík;Petr;;;;;;
Jemelka;Milan;;;;;;
Paulík;Jiří;;;;;;
Phan;Thi Thanh Dieu;;;;;;
Polis;Jiří;;;;;;
Purevdorj;Khatantuul;;;;;;
Rejmontová;Petra;;;;;;
Sinnathurai;Vijayakumar;;;;;;
Šopík;Tomáš;;;;;;
Šula;Tomáš;;;;;;
Abshinova;Madina Abshinovna;;;;;;
Altangerel;Bayanmunkh;;;;;;
Charvátová;Kateřina;;;;;;
Dao;Tran Trong;;;;;;
Zimek;Ondřej;;;;;;
Mikulcová;Veronika;;;;;;
Pummerová;Martina;Hrabalíková;Martina;;;;
Duduci;Meri;;;;;;
Pacholík;Viktor;;;;;;
Krátká;Anna;;;;;;
Drbálek;Zdeněk;;;;;;
Hanáček;Adam;;;;;;
Holek;Martin;;;;;;
Holiš;Radek;;;;;;
Ho;Thanh Tung;;;;;;
Hradská;Kateřina;;;;;;
Husták;Petr;;;;;;
Jelínková;Darina;;;;;;
Kotásková;Eva;Koubová;Eva;;;;
Krásný;Ivo;;;;;;
Krayem;Said;;;;;;
Kříž;Pavel;;;;;;
Kuruppuge;Ravindra Hewa;;;;;;
Kutálková;Kateřina;;;;;;
Maca;Miroslav;;;;;;
Maňas;Lukáš;;;;;;
Mikula;Jaroslav;;;;;;
Mikušová;Nikola;;;;;;
Minaříková;Magda;Rafajová;Magda;;;;
Mrázek;Jan;;;;;;
Pavlík;Lukáš;;;;;;
Přikryl;Jan;;;;;;
Samarakoon;Mudiyansela Ajantha Kumara;;;;;;
Sengee;Zultsetseg;;;;;;
Struška;Jan;;;;;;
Struška;Martin;;;;;;
Trivedi;Krunal;;;;;;
Achbergerová;Eva;;;;;;
Archibong;Mbuotidem Ime;;;;;;
Bernkopfová;Světlana;;;;;;
Bureš;Pavel;;;;;;
Čechová;Hana;;;;;;
Hanková;Magdalena;;;;;;
Civelek;Mehmet;;;;;;
Čížek;Pavel;;;;;;
Dabash;Vikendra;;;;;;
Das;Sayan;;;;;;
Fiala;Tomáš;;;;;;
Mika;Otakar Jiří;;;;;;
Zlámalová;Jana;;;;;;
Shurma;Svitlana;;;;;;
Hartwig;Thomas;;;;;;
Sytařová;Irena;Hlaváčová;Irena;;;;
Huťťa;Matouš;;;;;;
Janková;Martina;;;;;;
Jindrová;Pavlína;;;;;;
Kačerová;Eliška;;;;;;
Kledrowetz;Jan;;;;;;
Ključnikov;Aleksandr;;;;;;
Kľúčik;Peter;;;;;;
Komenda;Tomáš;;;;;;
Kovařík;Martin;;;;;;
Kozáčková;Dana;;;;;;
Kožíšková;Hana;;;;;;
Kubíčková;Eliška;;;;;;
Lehejček;Jiří;;;;;;
Leix;Alicja Ewa;;;;;;
Malý;Antonín;;;;;;
Malý;Martin;;;;;;
Maráková;Nela;;;;;;
Mizera;Martin;;;;;;
Nabareseh;Stephan;;;;;;
Nasimov;Dilmurod A.;;;;;;
Nekoksa;Pavel;;;;;;
Opletalová;Michaela;;;;;;
Oulehla;Milan;;;;;;
Özaltin;Kadir;;;;;;
Papež;Martin;;;;;;
Peng;Li;;;;;;
Petr Šafránková;Anna;;;;;;
Vo;Thi Nga;;;;;;
Urbánková;Lucie;Pinďáková;Lucie;;;;
Pohuba;Daniel;;;;;;
Babkova;Tatiana;;;;;;
Bakhtieva;Elina;;;;;;
Popelková;Jana;;;;;;
Potočková;Gabriela;;;;;;
Přibyslavský;Jan;;;;;;
Procházka;Jaroslav;;;;;;
Reslerová;Ludmila;;;;;;
Ryvkina;Natalia;;;;;;
Saha;Anusua;;;;;;
Sedláček;Michal;;;;;;
Ševčík;Jakub;;;;;;
Shah;Binal Mayank;;;;;;
Skoba;Ondřej;;;;;;
Vu;Hoang Duong;;;;;;
Sopoligová;Martina;;;;;;
Snopek;Lukáš;;;;;;
Suchánková;Eliška;Zajitzová;Eliška;;;;
Svěrák;Petr;;;;;;
Swilem;Ahmed E.;;;;;;
Tchmutin;Igor;;;;;;
Trbušek;Josef;;;;;;
Wanninayake;Mudiyanselage;;;;;;
Vašíková;Jana;Krajcarová;Jana;;;;
Pavelková;Marie;;;;;;
Xiao;Haijun;;;;;;
Skarupská;Helena;;;;;;
Venterová;Lenka;;;;;;
Princ;Ivan;;;;;;
Güler;Ali Can;;;;;;
Olecká;Ivana;;;;;;
Kavková;Veronika;;;;;;
Pokrivčáková;Silvia;;;;;;
Mengel;Ewald;;;;;;
Kráľová;Zdena;;;;;;
Bartók;Ottó;;;;;;
Divošová;Romana;;;;;;
Lukášová;Hana;;;;;;
Božik;Roman;;;;;;
Pelikán;Anton;;;;;;
Pavelková;Jaroslava;;;;;;
Rubáš;Michal;;;;;;
Sampey;Daniel Paul;;;;;;
Zelená;Michaela;;;;;;
Tomanec;Filip;;;;;;
Ngo;Minh Vu;;;;;;
Balaban Cakirpaloglu;Irena;;;;;;
Špaček;Roman;;;;;;
Němcová;Jana;Durďáková;Jana;;;;
Vozniuk;Olga;Voznyuk;Olga;;;;
Zakirov;Ulugbek;Zakirov;Ulugbek Shakirovich;;;;
Kroutilová Nováková;Radana;Nováková;Radana;;;;
Trávníčková;Petra;;;;;;
Harea;Evghenii;;;;;;
Keerthiwansa;Gustinna Wadu Rohitha;;;;;;
Ganbaatar;Chunsriimyatav;;;;;;
Čočková;Romana;;;;;;
Dombeková;Barbora;;;;;;
Gálová;Kateřina;Kadalová;Kateřina;;;;
Jelínková;Kristýna;;;;;;
Barešová;Petra;;;;;;
Gregor;Michal;;;;;;
Halaška;Ondřej;;;;;;
Borkovcová;Marie;;;;;;
Hurajová;Anna;;;;;;
Chládková;Barbora;;;;;;
Tran;Hoang Khang;;;;;;
Jelénková;Libuše;Černá;Libuše;;;;
Nguyen;Thi Ngoc Diep;Nguyen;Diep TN;;;;
Asabuwa Ngwabebhoh;Fahanwi;;;;;;
Çera;Edmond;Cera;Edmond;;;;
Zatloukal;Filip;;;;;;
Motiei;Marjan;;;;;;
Bandyopadhyay;Smarak;;;;;;
Sedláčková;Eva;;;;;;
Viskup;Pavel;;;;;;
Basu;Probal;;;;;;
Filatova;Kateryna;Filatová;Kateřina;;;;
Štoplová;Petra;;;;;;
Jibril;Abdul Bashiru;;;;;;
Pavelka;Jiří;;;;;;
Milićević;David;;;;;;
Tran Van Hai;Trieu;;;;;;
Novák;Martin;;;;;;
Karvanis;Konstantinos;;;;;;
Pöschl;Marek;;;;;;
Monková;Katarína;;;;;;
Adámek;Richard;;;;;;
Bartošík;Miroslav;;;;;;
Ondrášová;Monika;;;;;;
Pleva;Michal;;;;;;
Žabčíková;Martina;;;;;;
Le;Quoc Bao;;;;;;
Kozubík;Mikuláš;;;;;;
Košťálová;Alena;;;;;;
Surgutskaia;Natalia;;;;;;
Emri;Igor;;;;;;
Amini Moghaddam;Maliheh;;;;;;
Van Dorp Ramakers;Esther Dorothea Victoria;;;;;;
Gartnerová;Eva;;;;;;
Honzková;Iva;;;;;;
Javed;Mohsin;;;;;;
Nguyen;Doan Thi Thuc;;;;;;
Shaw;Sayanti;;;;;;
Ussenova;Dana;;;;;;
Černohlávková;Eva;;;;;;
Azimova;Mashokhida Azalovna;;;;;;
Gericke;Markus Herman;;;;;;
Koňařík;Marek;;;;;;
Malačka;Lena;;;;;;
Vavrušová;Veronika;;;;;;
Vitásková;Edita;Čajková;Edita;;;;
Farhi-Zimmerman;Mariela;;;;;;
Jasenská;Daniela;;;;;;
Jamatia;Thaiskang;;;;;;
Vatalová;Monika;;;;;;
Laštůvka;Lukáš;;;;;;
Huták;Jan;;;;;;
Karakurt;Ilkay;;;;;;
Dočkal;Adam;;;;;;
Fluxa;Petr;;;;;;
Přikrylová;Veronika;;;;;;
Loubalová;Eva;;;;;;
Nguyen;Luong Hoang Lien;Homolková Nguyen;Luong Hoang Lien;;;;
Okanga;Patrick Asango;;;;;;
Káčerková;Eliška;;;;;;
Hrbáčková;Lucie;;;;;;
Berčíková;Lucie;Klementová;Lucie;;;;
Čechová;Erika;;;;;;
Bartošek;Petr;;;;;;
Lovecká;Lenka;;;;;;
Deutscherová;Beáta;;;;;;
Černošková;Iveta;;;;;;
Dušánková;Miroslava;;;;;;
Dorková;Adriána;;;;;;
Hung;Vo Viet;;;;;;
Mohammed;Hamdu Kedir;;;;;;
Vlasov;Vladyslav;;;;;;
Kolman;Karel;;;;;;
Husár;Jakub;;;;;;
Struška;Milan;;;;;;
Mička;Jan;;;;;;
Bálint;Tomáš;;;;;;
Mrázek;Petr;;;;;;
Rumpíková;Taťána;;;;;;
Gebauerová;Eva;;;;;;
Halásová;Lucie;;;;;;
Kozáková;Lenka;;;;;;
Mauer;Pavel;;;;;;
Maňásek;Jaromír;;;;;;
Appiah-Nimo;Christina;;;;;;
Strnad;Jan;;;;;;
Blahová;Marta;;;;;;
Měrka;Petr;;;;;;
Kotek;Lukáš;;;;;;
Pavlíková;Erika;Kutálková;Erika;;;;
Lapčíková;Vendula;Kolářová;Vendula;;;;
Koudelková;Zuzana;;;;;;
Strmiska;Martin;;;;;;
Benešová;Kristýna;;;;;;
Gavurová;Beáta;;;;;;
Gořalík;Marek;;;;;;
Hoke;Eva;;;;;;
Jurča;Marek;;;;;;
Klofáčová;Věra;Čáňová;Věra;;;;
Kráčalík;Milan;;;;;;
Lazar;Ivo;;;;;;
Ljubymenko;Krystyna;;;;;;
Moudrá;Kateřina;;;;;;
Mrázková;Eva;;;;;;
Plšková;Mária;;;;;;
Stuchlík;Karel;;;;;;
Václavková;Daniela;;;;;;
Zábranská;Alžběta;;;;;;
Zálešáková;Ludmila;;;;;;
Abreu;Viera;;;;;;
Adam;Matyáš;;;;;;
Amarakoon;Ranjani;;;;;;
Awwama;Emad Eddin;;;;;;
Bartl;Jan;;;;;;
Bártlová;Natálie;;;;;;
Bejblová;Martina;;;;;;
Benovič;Miroslav;;;;;;
Bezděk;Václav;;;;;;
Bienert;Jan;;;;;;
Bijota;Vlastimil;;;;;;
Birtu;Dan-Eugen;;;;;;
Bobek;Petr;;;;;;
Bolf;František;;;;;;
Brázdilová;Lenka;;;;;;
Březinová;Iva;;;;;;
Bublík;Aleš;;;;;;
Cabáková;Veronika;;;;;;
Čada;Jan;;;;;;
Čech;Petr;;;;;;
Černobila;Jan;;;;;;
Černotová;Alena;;;;;;
Charousová;Zuzana;;;;;;
Chlachula;Josef;;;;;;
Chovanec;Pavel;;;;;;
Chvátal;Jakub;;;;;;
Cmarová;Aneta;;;;;;
Čurečková;Klára;;;;;;
Štěpančíková;Romana;Daňová;Romana;;;;
Diessl;Josef;;;;;;
Dieu Phan;Thi Thanh;;;;;;
Dlabajová;Andrea;;;;;;
Dočkalová;Pavla;;;;;;
Dřímalová;Pavla;;;;;;
Drobilík;Michal;;;;;;
Džermanský;Martin;;;;;;
Facuna;Jiří;;;;;;
Fajkus;Martin;;;;;;
Fic;Michal;;;;;;
Fojtíková;Lenka;;;;;;
Fuksová;Martina;;;;;;
Fusková;Jana;;;;;;
Gabčanová;Iveta;;;;;;
Georgová;Nikola;;;;;;
Giovagnoli;Federico Andrés;;;;;;
Goňa;Tomáš;;;;;;
Goswami;Kishor;;;;;;
Gregorová;Markéta;;;;;;
Grygar;Vojtěch;;;;;;
Halamka;Petr;;;;;;
Hampl;Mojmír;;;;;;
Hanáková;Zuzana;;;;;;
Harea;Diana;;;;;;
Helis;Martin;;;;;;
Hladiš;Ondřej;;;;;;
Hladůvková;Dita;;;;;;
Hlavoňová;Eva;;;;;;
Holas;Ondřej;;;;;;
Horák;Jiří;;;;;;
Hornák;Peter;;;;;;
Hrbáček;Petr;;;;;;
Hrenáková;Eva;;;;;;
Hřivnová;Pavla;;;;;;
Hupková;Jana;;;;;;
Ingr;Miroslav;;;;;;
Ingrová;Nikol;;;;;;
Jakubec;Jiří;;;;;;
Jakubíček;Josef;;;;;;
Janíček;Petr;;;;;;
Janota;Pavel;;;;;;
Janů;Kristýna;;;;;;
Jarošová;Zuzana;;;;;;
Juříková;Kateřina;;;;;;
Kadlečková;Markéta;;;;;;
Kaniová;Michaela;;;;;;
Kolková;Monika;;;;;;
Kolumber;Štefan;;;;;;
Kopřivová;Radka;;;;;;
Kosička;Ondřej;;;;;;
Kostka;Lukáš;;;;;;
Kotěna;Jan;;;;;;
Kotula;Ondřej;;;;;;
Koutniková;Marta;;;;;;
Kovářová;Kristýna;;;;;;
Kozáková;Leona;;;;;;
Kozáková;Marie;;;;;;
Kozubíková;Barbora;;;;;;
Křemenová;Hana;;;;;;
Kulhanová;Soňa;;;;;;
Kulkarni;Shantanu Ganesh;;;;;;
Kulleová;Alena;;;;;;
Liška;Petr;;;;;;
Lyubymenko;Khrystyna;;;;;;
Macek;Daniel;;;;;;
Macht;Petr;;;;;;
Machů;Aleš;;;;;;
Málek;Michal;;;;;;
Mašlan;Martin;;;;;;
Mazáčová;Markéta;;;;;;
Menšíková;Anna;;;;;;
Mičola;Petr;;;;;;
Mikuš;Karel;;;;;;
Mlýnek;Lukáš;;;;;;
Morysová;Dominika;;;;;;
Mrázek;Josef;;;;;;
Mrázková;Martina;;;;;;
Mrkvičková;Simona;;;;;;
Mušálek;Miroslav;;;;;;
Musilová;Zuzana;;;;;;
Němec;Dobroslav;;;;;;
Nevřelová;Vanda;;;;;;
Nguyen;Ninh Van;;;;;;
Nguyen;Thi Hai Hang;;;;;;
Novák;Zdeněk;;;;;;
Novotná;Jarmila;;;;;;
Ogunleye;Julius Olufemi;;;;;;
Ondrůšek;Petr;;;;;;
Opluštil;Milan;;;;;;
Páč;Jiří;;;;;;
Paličková;Marcela;;;;;;
Bartošová;Tereza;Belantová;Tereza;;;;
Smejkalová;Karolína;;;;;;
Janásová;Nina;;;;;;
Král;Aleš;;;;;;
Staňková;Iva;;;;;;
Nedbálek;Karel;;;;;;
Dey;Sandeep Kumar;;;;;;
Gopi Sathi;Shibulal;;;;;;
Abbas;Zuhair;;;;;;
Vláčil;Martin;;;;;;
Lukovics;Petr;;;;;;
Blažková;Jaroslava;Němcová;Jaroslava;;;;
Jarolímová;Blanka;;;;;;
Bubulinca;Constantin;;;;;;
Sapurina;Irina;;;;;;
Kovačević;Jelica;;;;;;
Khiev;Virak;;;;;;
Zia;Najam Ul;;;;;;
Zoubková;Anna;;;;;;
Zlámalová;Monika;;;;;;
Šmotek;Jiří;;;;;;
Křivánková;Milada;;;;;;
Scholleová;Hana;;;;;;
Zimčíková;Soňa;;;;;;
Zheng;Xiaosong;;;;;;
Zátopková;Klára;;;;;;
Zapletalíková;Eliška;;;;;;
Žalková;Adéla;;;;;;
Žáková;Iva;;;;;;
Walachová;Dominika;;;;;;
Voříšek;Josef;;;;;;
Volaříková;Eva;;;;;;
Viceník;Radek;;;;;;
Verney;Vincent;;;;;;
Vejarano Echeverry;Fabio Eduardo;;;;;;
Vaysse;Matthieu;;;;;;
Vašek;Leoš;;;;;;
Varhaníková;Júlia;;;;;;
Vaněk;Jan;;;;;;
Válková;Adéla;;;;;;
Urbančok;Lukáš;;;;;;
Tu Kim;Dung;;;;;;
Trágeová;Sabina;;;;;;
Tomeček;Martin;;;;;;
Tomalová;Miroslava;;;;;;
Tichá;Juliana;;;;;;
Trnka;Pavel;;;;;;
Nedbálek;Karel;;;;;;
Arnania-Kepuladze;Tamila;;;;;;
Hlobilová;Veronika;;;;;;
Dokoupil;Jakub;;;;;;
Kučerová;Liliana;;;;;;
Latečka;Filip;;;;;;
Skopalová;Kateřina;;;;;;
Šťastná;Kristýna;;;;;;
Brázdilíková;Le Thi Kim Nhung;Ho;Le Thi Kim Nhung;;;;
Huynh Thai;Hoc;;;;;;
Vo Van;Hai;;;;;;
Monka;Peter Pavol;;;;;;
Hamid;Yasin;;;;;;
Koláčková;Tereza;;;;;;
Kolofiková;Kateřina;;;;;;
Kavečková;Jana;;;;;;
Rouchalová;Dana;;;;;;
Skácelík;Pavel;;;;;;
Huynh;Minh Huy;;;;;;
Holbíková;Petra;;;;;;
Vytopil;Petr;;;;;;
Wang;Yumin;;;;;;
Císař;Jaroslav;;;;;;
Sedlacek;Dieter;;;;;;
Khan;Khurram Ajaz;;;;;;
Domincová Bergerová;Eva;;;;;;
Botchway;Raphael Kwaku;;;;;;
Owusu;Victor Kwarteng;;;;;;
Pricilla;R. Blessy;;;;;;
Ghasemi;Bita;;;;;;
Shoaib;Muhammad;;;;;;
Alhaj Ali;Ammar Nassan;;;;;;
Karakurt;Nuri;;;;;;
Patwa;Rahul;;;;;;
Korábková;Eva;;;;;;
Tirpáková;Anna;;;;;;
Jirásek;Ivo;;;;;;
Witasek;Roman;;;;;;
Jančík Petrová;Zuzana;Petrová;Zuzana;;;;
Habrová;Markéta;;;;;;
Pitnerová;Lenka;;;;;;
Milde;Radoslav;;;;;;
Pekaj;Robert;;;;;;
Atiso;Francis;;;;;;
Filová;Barbora;;;;;;
Nguyen;Xuan Thanh;;;;;;
Vargün;Elif;;;;;;
Fei;Huilong;;;;;;
Ho;Viet-Anh;;;;;;
Quddus;Abdul;;;;;;
Adzovie;Daniel Edem;;;;;;
Štěpánková;Kateřina;;;;;;
Stašek;Martin;;;;;;
Hýlková;Alena;;;;;;
Truong;Thanh Huong;;;;;;
Bhimasena Rao Nagaraj;Mukunda;;;;;;
Wrzecionková;Eva;;;;;;
Odei;Michael Amponsah;;;;;;
Urbaniecová;Klára;;;;;;
Svoboda (FLKŘ);Petr;;;;;;
Laubová;Petra;;;;;;
Kourek;Marek;;;;;;
Botha;Elsamari;;;;;;
Bartošík;Radek;;;;;;
Sokolová;Iveta;;;;;;
Doleželová;Eliška;;;;;;
Burešová;Kateřina;;;;;;
Juřeníková;Petra;;;;;;
Sedláčková;Michaela;;;;;;
Ronzová;Alena;;;;;;
Hrdý;Michal;;;;;;
Tudev;Oyungerel;;;;;;
Bezděková;Karla;;;;;;
Lanczová;Nikoleta;;;;;;
Vojáčková;Klára;;;;;;
Strážnický;Přemysl;;;;;;
Gross;Petr;;;;;;
Kratochvil;Pavel;;;;;;
Kovář;Lukáš;;;;;;
Spitzer;Tadeáš;;;;;;
Muchová;Monika;;;;;;
Klimecká;Eva;;;;;;
Ryzí;Adriana;;;;;;
Slaběňáková;Tereza;;;;;;
Hric;Slavomír;;;;;;
Metzker;Zdenko;;;;;;
Zarnadze;Giorgi;;;;;;
Bírošík;Michal;;;;;;
Andrla;Jiří;;;;;;
Kůrová;Vendula;;;;;;
Matušů;Renáta;;;;;;
Válková;Dagmar;;;;;;
Klofáčová;Michaela;;;;;;
Nguyen Thi Nhu;Thuan;;;;;;
Dehning;Bruce Nelson;;;;;;
Kupková;Zuzana;;;;;;
Davitkova;Dijana;;;;;;
Tomšů;Miroslav;;;;;;
Molnár;Vieroslav;;;;;;
Krňávek;Jan;;;;;;
Muhammad;Hemin Akram;;;;;;
Nguyen;Thi Anh Van;;;;;;
Koflerová;Anna;;;;;;
Jakubčík;Martin;;;;;;
Peterek;Kamil;;;;;;
Bouc;Petr;;;;;;
Jomardyan;Arsen Samvel;;;;;;
Hoang;Hung Cuong;;;;;;
Zhang;Haoxuan;;;;;;
Wang;Jingyu;;;;;;
Jiang;Hao;;;;;;
Matušinec;Josef;;;;;;
Leopoldová;Nikola;;;;;;
Čajková;Nikola;;;;;;
Fayyaz Bakhsh;Ahmad;;;;;;
Kučabová;Veronika;;;;;;
Nchena;Linos Mabvuto;;;;;;
Štěpánek;Petr;;;;;;
Šťastný;Josef;;;;;;
Málková;Veronika;;;;;;
Wagnerová;Daniela;;;;;;
Marada;Jan;;;;;;
Dvořáček;Radek;;;;;;
Prokopová;Aneta;Polaštíková;Aneta;;;;
Sabary;Gul Shah;;;;;;
Šramová;Blandína;;;;;;
Ovary Bulková;Kristína;Bulková;Kristína;;;;
Benčíková;Eleonóra;;;;;;
Adamec;Vladimír;;;;;;
Mazáková;Tereza;;;;;;
Kopeček;Oldřich;;;;;;
Inselseth;Jana;;;;;;
Cedidlová;Karolína;;;;;;
Ngo;Linh Thi Hong;;;;;;
Kocourková;Karolína;;;;;;
Omran;Emad Attia Mohamed;;;;;;
Holík;Pavel;;;;;;
Alimov;Shavkat;;;;;;
Juráňová;Veronika;;;;;;
Amoah;John;;;;;;
Dmonte;David John;;;;;;
Pham;Ngoc Nam;;;;;;
Lyčková;Aneta;;;;;;
Kormanec;Peter;;;;;;
Stránský;Michal;;;;;;
Pham;Phat Tien;;;;;;
Nguyen;Hau Trung;;;;;;
Anju;;;;;;;
Šenovský;Nikola;;;;;;
Večeřa;Filip;;;;;;
Šíp;Radim;;;;;;
Ntsiful;Alex;;;;;;
Owusu Yeboah;Adwoa Yeboaa;;;;;;
Holík;Tomáš;;;;;;
Avvari;Venkata Dinesh;;;;;;
Adámek;Martin;;;;;;
Palátová;Šárka;;;;;;
Vaculíková;Kateřina;;;;;;
Bacová;Barbora;;;;;;
Hůsková;Jitka;;;;;;
Martínková;Martina;Kašparová;Martina;;;;
Slobodian;Rostislav;;;;;;
Kotková;Barbora;;;;;;
Majar;Petr;;;;;;
Ondroušková;Kristýna;Opustilová;Kristýna;;;;
Ključnikova;Jana;Kliuchnikava;Yana;;;;
Ali;Hassan;;;;;;
Nguyen;Thuan Thi Nhu;;;;;;
Maroušek;Josef;;;;;;
Szczybrochová;Marie;;;;;;
Nguyen;Thi Thu Huong;;;;;;
Macko;Jozef;;;;;;
Čapková;Tereza;;;;;;
Petřkovský;Lukáš;;;;;;
Sedlák;Josef;;;;;;
Tomeček;Josef;;;;;;
Hromádková;Aneta;;;;;;
Strašáková;Monika;;;;;;
Sotolářová;Jitka;;;;;;
Horníčková;Beata;;;;;;
Křenková;Barbora;;;;;;
Kenetey;Gifty;;;;;;
Skuhrovcová;Kristýna;;;;;;
Kalita;Ondřej;;;;;;
Udoh;Salem;;;;;;
Yasir;Muhammad;;;;;;
Veselík;Petr;;;;;;
Ratilla;Mark;;;;;;
Asad;Arif Ibne;;;;;;
Káčerová;Simona;;;;;;
Srnec;Peter;;;;;;
Šašinková;Dagmar;;;;;;
Rohrer;Patrik;;;;;;
Shariq;Syed Muhammad;;;;;;
Nguyen;Thi Lan Phuong;;;;;;
Gorgol;Danila;;;;;;
Bednář;Lukáš;;;;;;
Hýža;Jan;;;;;;
Holíková;Aneta;;;;;;
Mišurec;Vít Guiglielmo;;;;;;
Plášková;Anna;;;;;;
Saini;Mohan;;;;;;
Haider;Ismat;;;;;;
Meurer;Michael;;;;;;
Šarmanová;Lenka;;;;;;
Munk;Michal;;;;;;
Hoang;Duc Sinh;;;;;;
Bugárová;Nikola;;;;;;
Katta;Rasin;;;;;;
Krejčí (FAI);Tomáš;;;;;;
Trnečková;Jitka;;;;;;
Kalvach;Zdeněk;;;;;;
Le;Hoang Anh Trieu;;;;;;
Falešník;David;;;;;;
Zapletal;Miroslav;;;;;;
Pham;Quynh Giao Ngoc;;;;;;
Bawa;Abu Jato;;;;;;
Fafílek;Michael;;;;;;
Helová;Jana;;;;;;
Chromcová;Lucie;;;;;;
Mikulová;Denisa;;;;;;
Nejad Falatouri Moghaddam;Taha;;;;;;
Pavelek;Radim;;;;;;
Tylová;Gabriela;;;;;;
Zlámal;Lukáš;;;;;;
Cardoso Azevedo;Juliana Vanessa;;;;;;
Kalko;Mesfin Mala;;;;;;
Kehret;Lara Elisabeth;;;;;;
Trubáková;Lucie;;;;;;
Fröhlichová;Sabrina;;;;;;
Moricová;Dita;;;;;;
Daďová;Eliška;;;;;;
Vránová;Věra;;;;;;
Chalupa;Vlastimil;;;;;;
Hadač;Jakub;;;;;;
Efimova;Anastasia;;;;;;
Efimov;Alexander;;;;;;
Rudolfová;Jana;;;;;;
Kudláč;Jakub;;;;;;
Vychodil;Radek;;;;;;
Hudečková;Monika;;;;;;
Ivičičová;Barbora;;;;;;
Kmentová;Kristýna;;;;;;
Koc;Macit;;;;;;
Okénková;Eva;;;;;;
Fusek;Petr;;;;;;
Měsíček;Pavel;;;;;;
Kadi;Mohammad;;;;;;
Drofová;Irena;;;;;;
Nguyen;Huu Hoang Tho;;;;;;
Parrott;Jeffrey Keith;;;;;;
Důbravová;Alžběta;Vávrová;Alžběta;;;;
Pavlátková;Lucie;;;;;;
Bartošová;Lucie;;;;;;
Máčalová;Daniela;;;;;;
Ogunleye;Raphael Olabanji;;;;;;
Janiš;Vladimír;;;;;;
Jaremko;Jaroslav;Iaremko;Iaroslav;;;;
Janák;Lukáš;;;;;;
Šternová;Tereza;;;;;;
Pálka;Miroslav;;;;;;
Imran;Ali;;;;;;
Yadav;Vinod;;;;;;
Huseynova;Aydan;;;;;;
Jaška;David;;;;;;
Urban;Jaroslav;;;;;;
Pančochová;Kateřina;;;;;;
Ptošková;Barbora;;;;;;
Gogová;Andrea;;;;;;
Ulrich;Adam;;;;;;
Emebu;Samuel;;;;;;
Ševčíková;Veronika;;;;;;
Zvonková;Magdaléna;;;;;;
Zenzingerová;Soňa;;;;;;
Kudláček;Michal;;;;;;
Matta;Ashish;;;;;;
Fajkus;Přemysl;;;;;;
Krchňáčková;Zuzana;;;;;;
Malaníková;Martina;;;;;;
Demir;Ender;;;;;;
Hrnčiříková;Zuzana;;;;;;
Gautam;Shweta;;;;;;
Hanušová;Dominika;;;;;;
Kazík;Martin;;;;;;
Stránský;Bohuslav;;;;;;
Stanický;Petr;;;;;;
Cerman;Zbyněk;Kurač;Zbyněk;;;;
Charous;Zdeněk;;;;;;
Munteanu;Andrei;;;;;;
Jaroš;Jan;;;;;;
Attor;Cleophas;;;;;;
Tran;An Van Nguyen;;;;;;
Holoči;Jan;;;;;;
Vinklárková;Kristýna;;;;;;
Kavánková;Iva;;;;;;
Forman;Jakub Josef;;;;;;
Martinek;Jakub;;;;;;
Sucháčková;Kristýna;;;;;;
Luu;Van Thanh;;;;;;
Sufyan;Ali;;;;;;
Ly;Hanh Thi My;;;;;;
Krejčí (FLKŘ);Tomáš;;;;;;
Korpasová;Kateřina;;;;;;
Mahelová;Leona;;;;;;
Cruz Fabian;Dalila Rubicela;;;;;;
Yadollahi;Zahra;;;;;;
Munteanu;Lenka;;;;;;
Rech;Julian Niklas;;;;;;
Santoro;Gabriele;;;;;;
Karhánková;Michaela;;;;;;
Oka;Mimi Enakome;;;;;;
Malatinský;Adam;;;;;;
Němec;Jan;;;;;;
Králíčková;Gabriela;;;;;;
Dostálová;Petra;;;;;;
Zabierowski;Piotr Wladyslaw;;;;;;
Tomášková;Barbora;Vachová;Barbora;;;;
Fridrichová;Sabina;;;;;;
Bílá;Michaela;;;;;;
Denglerová;Denisa;;;;;;
Augustová;Monika;;;;;;
Koutňák;Rostislav;;;;;;
Vrbová;Hana;;;;;;
Červinka;Tomáš;;;;;;
Oriňáková;Renáta;;;;;;
Šebestíková;Romana;;;;;;
Macko;Michal;;;;;;
Hořava;Cyril;;;;;;
Orejuela;Peter;;;;;;
Plata Lerma;Diego Fernando;;;;;;
Zichová;Michaela;;;;;;
Krátká;Vendula;;;;;;
Sousedíková;Lucie;;;;;;
Bednařík;František;;;;;;
Jedounková;Alena;Kratochvílová;Alena;;;;
Rebenda;David;;;;;;
Challa;Adam Aberra;;;;;;
Málek;Matěj;;;;;;
Rektoříková;Iveta;;;;;;
Janovský;Petr;;;;;;
Gabko;Lukáš;;;;;;
Karolyová;Denisa;;;;;;
Řezníček;Josef;;;;;;
Czyz;Meryem;Ari;Meryem;;;;
Shaikh;Ibrahim;;;;;;
Le Truong Diem;Trang;;;;;;
Kalsoom;Ghulam;;;;;;
Cera;Elona;Çera;Elona;;;;
Moraučíková;Eva;;;;;;
Joseph;Nikhitha;;;;;;
Venher;Mariana;;;;;;
Ivanichenko;Anna;;;;;;
Soomro;Gul Muhammad;;;;;;
Jurtík;Marek;;;;;;
Gřešková;Barbora;;;;;;
Vincová;Anna;;;;;;
Šantová;Kristýna;;;;;;
Halamková;Veronika;;;;;;
Suchánková;Markéta;;;;;;
Bednaříková;Růžena;;;;;;
Huňová;Ivana;;;;;;
Poór;Peter;;;;;;
Tesáček;Aleš;;;;;;
Nasr;Ahmed Mostafa Alazab Aly;;;;;;
Mrhálek;Ondřej;;;;;;
Zvoníček;Tomáš;;;;;;
Trávníková;Ludmila;;;;;;
Rejdlová;Anita;;;;;;
Šišoláková;Ivana;;;;;;
Gorejová;Radka;;;;;;
Kim;Anh Dao;;;;;;
Truong;Phi Hung;;;;;;
Asante;Kwadwo;;;;;;
Mikulka;Filip;;;;;;
Chaudhuri;Mainak;;;;;;
Šiška;Ladislav;;;;;;
Kotlánová;Barbora;;;;;;
Afful;Charles Randy;;;;;;
Junaštíková;Julie;;;;;;
Valášková;Kristýna;;;;;;
Matušíková;Marcela;;;;;;
Knotková;Kristýna;;;;;;
Wanecki;Pavel;;;;;;
Skowronková;Nela;;;;;;
Jaššo;Miroslav;;;;;;
Tureček;Ondřej;;;;;;
Šilhavíková;Hana;;;;;;
Jágerová;Kateřina;;;;;;
Bartoňová;Martina;;;;;;
Knechtová;Eliška;;;;;;
Hrbáček;Pavel;;;;;;
Zdražil;Jan;;;;;;
Maťcha;Marek;;;;;;
Dizaye;Hawree Sulaiman Mawlood;;;;;;
Bábková;Dagmar;;;;;;
Takyi;Kwabena Nsiah;;;;;;
Asamoah;Comfort Adebi;;;;;;
Řezníček;Pavel;;;;;;
Bajer;Martin;;;;;;
Khellouf;Riyadh Abdekadir;;;;;;
Le;Ngoc Thuy Trang;;;;;;
Musil;Marek;;;;;;
Lorencová;Soňa;;;;;;
Ngo;Ngoc Thuyen;;;;;;
Nguyen;Thi Tuong Vy;;;;;;
Ha;Thanh Nga;;;;;;
Nguyen;Tran Le;;;;;;
Kolumber;Tereza;;;;;;
Huynh;Anh Tuan;;;;;;
Grunt;Michal;;;;;;
Bartončíková;Michaela;;;;;;
Dokládalová;Kateřina;;;;;;
Doudová;Hana;;;;;;
Maceková;Nikola;;;;;;
Burdík;Martin;;;;;;
Kužela;Tomáš;;;;;;
Jemberu;Etsub Tekola;;;;;;
Kaloda;Pavel;;;;;;
Kalodová;Kristýna;Bradáč;Kristýna;;;;
Kočí;Kamila;;;;;;
Urbášková;Martina;;;;;;
Hanzlík;Jan;;;;;;
Dorotík;Ladislav;;;;;;
Kincl;Jan;;;;;;
Trejtnarová;Lucie;;;;;;
Kolaříková;Alena;;;;;;
Havlíková;Vendula;Varaďová;Vendula;;;;
Barretta;Chiara;;;;;;
Fišerová;Lucia;;;;;;
Klaban;Jakub;;;;;;
Ryzí;Nikolas;;;;;;
Montág;Petr;;;;;;
Štefunko;František;;;;;;
Neuwirth;Vojtěch;;;;;;
Dlabaja;Štěpán;;;;;;
Paul;Adhir Chandra;;;;;;
Zerdazi;El Wardi;;;;;;
Wendimu;Abebe Alemu;;;;;;
Saravana Sankar;Subramaniam;;;;;;
Džuganová;Michaela;;;;;;
Jánová;Nikola;;;;;;
Nguyen;Thuy Giang;;;;;;
Drabíková;Dora;;;;;;
Novák;Roman;;;;;;
Martinková;Michaela;;;;;;
Delawary;Ahmad Reshad;;;;;;
Ližbetinová;Lenka;;;;;;
Hanušová;Martina;;;;;;
Maguláková;Marie;;;;;;
Kováč;Jozef;;;;;;
Mach;Jan;;;;;;
Qadeer;Nosheen;;;;;;
Rosíková;Martina;;;;;;
Müllerová;Markéta;;;;;;
Žídek;Štěpán;;;;;;
Polomíková;Lucie;;;;;;
Uhercová;Simona;;;;;;
Habibah;Tutut Ummul;;;;;;
Pilka;Radovan;;;;;;
Robertson;Christopher G.;;;;;;
Riemel;Jakub;;;;;;
Le;Phuong Giao Linh;;;;;;
Bystricky-Berezvai;Orsolya;;;;;;
Novotná;Tereza;;;;;;
Žilinčík;Samuel;;;;;;
Matošková;Lucie;;;;;;
Vašíček;Ondřej;;;;;;
Mariappan;Vanamoorthy;;;;;;
Mirshahi;Sina;;;;;;
Do;Phuong Thao;;;;;;
Bozarslan;Abdulkadir;;;;;;
Gryger;Tomáš;;;;;;
Dudová;Pavlína;;;;;;
Fučíková;Klára;;;;;;
Cesnek;Adam;;;;;;
Píš;Adam;;;;;;
Fatr;Jan;;;;;;
Švarcová;Anna;;;;;;
Solařík;Tomáš;;;;;;
Murtaja;Yousef;;;;;;
Poláchová;Andrea;;;;;;
Nekvapil;Jiří;;;;;;
Vilišová;Karolína;;;;;;
Nguyen;Thanh Khuong;;;;;;
Kolařík;Václav;;;;;;
Knirsch;Adam;;;;;;
Slezáková;Petra;;;;;;
Dostálková;Jitka;;;;;;
Endlerová;Dagmar;;;;;;
Audyová;Andrea;;;;;;
Vo;Minh Vinh;;;;;;
Zacharová;Lucia;;;;;;
Kocák;Michal;;;;;;
Hrstka;Milan;;;;;;
Prasad;Parvathy;;;;;;
Šálek;Tomáš;;;;;;
Pawlas;Jakub;;;;;;
Wolde;Mihret Kochito;;;;;;
Turek;Jan;;;;;;
Miškařík;Lukáš;;;;;;
Kopeček;Lukáš;;;;;;
Svačinová;Lucie;;;;;;
Gavendová;Eva;;;;;;
Klokočka;Jan;;;;;;
Srnec;Adam;;;;;;
Zatloukal;Jakub;;;;;;
Janota;Filip;;;;;;
Grygar;Tomáš;;;;;;
Pham Hoang;Bao;;;;;;
Nguyen;Pham Minh Thu;;;;;;
Nsiah;Louisa Pema;;;;;;
Srnečková;Tereza;;;;;;
Hrbáček;Vítek;;;;;;
Allahwerdi;Ismail Nooraddin Ismail;;;;;;
Navrátil;Dušan;;;;;;
Cmajdálková;Lucie;;;;;;
